"category","subcategory","ID","Description","GeneRatio","BgRatio","RichFactor","FoldEnrichment","zScore","pvalue","p.adjust","qvalue","geneID","Count"
"Organismal Systems","Environmental adaptation","hsa04714","Thermogenesis","139/3554","235/9376",0.591489361702128,1.56044013936948,6.79789666299124,1.9917672828277e-11,5.3637266546346e-09,3.74793315498534e-09,"7384/8193/1355/4719/84699/4710/2182/5566/27330/11343/51412/51548/2260/6595/6604/4708/513/4713/6655/6009/51422/10488/6198/4717/10891/4728/1337/1432/1347/374291/55818/6654/9167/1386/515/6390/8289/1268/4709/4702/113/2181/4694/1340/1350/10975/6597/196883/1327/4695/5565/5468/5562/3845/51241/1329/86/4711/10063/5593/4704/6601/4716/63976/5567/55811/148327/4726/9586/54539/4715/4718/2180/498/522/7381/90993/4720/516/4731/5563/285521/23305/27089/1345/4712/4714/10818/10632/4723/10476/64223/521/7386/126129/4881/4696/112/3265/126328/4878/1351/57104/2885/25915/4729/84987/9377/51287/64764/493753/28958/71/29796/55967/4700/5600/5592/56901/51079/6300/4697/123096/51703/4217/4513/4540/4512/4537/4508/6392/84335/4722/4509/440567/90639/9551/539/4701",139
"Human Diseases","Neurodegenerative disease","hsa05016","Huntington disease","173/3554","308/9376",0.561688311688312,1.48182037433585,6.71758255889877,3.0562545040653e-11,5.3637266546346e-09,3.74793315498534e-09,"5439/1387/1770/5689/7384/5704/4719/9821/1767/5685/1175/5431/84699/4710/55102/8218/55062/5609/5289/7419/6507/9706/581/23186/4708/5714/513/4713/5434/5435/10126/5706/5684/5693/5432/10671/10382/5438/27113/6804/4899/10488/10105/5709/4717/10891/6506/4728/1337/1347/10120/374291/9167/515/6390/56171/4709/4702/1211/27019/60673/10376/4694/1340/22863/1350/10975/7277/7979/3092/5682/6874/11047/4294/1327/4695/55860/5468/1742/842/1329/4711/5695/11258/89953/7280/5330/10121/4704/4716/1213/6647/5694/5686/148327/4726/9586/54539/5440/4715/5331/4718/291/498/2893/522/2890/3798/2776/7381/90993/4720/516/5710/5692/4731/5701/5437/493869/836/27089/1345/4712/5702/4714/7846/4723/10476/5436/3800/7386/25942/3799/4696/5707/126328/10540/1212/84617/1351/627/2902/5441/4729/2081/9377/64764/161/29796/55967/4700/6667/56901/51079/8632/4697/4217/196385/4513/4540/4512/4537/4508/6392/1639/4722/4509/2876/440567/539/10381/4701/2904",173
"Human Diseases","Neurodegenerative disease","hsa05014","Amyotrophic lateral sclerosis","196/3554","368/9376",0.532608695652174,1.40510386337501,6.19418760665951,7.65302181942158e-10,8.95403552872325e-08,6.25668099622887e-08,"572/1770/5689/7384/5704/4719/9821/1767/5685/7175/55706/4710/55102/55746/5217/55062/5289/9706/25978/581/2521/4708/3710/5714/513/4713/7494/10126/4744/5706/5684/5693/8480/84557/55916/80208/10671/4741/10382/23064/5709/5216/5608/4717/6506/4728/57122/1337/1432/9896/1347/9631/10120/374291/9167/515/6390/22926/56171/4709/2733/4702/348995/5533/23435/3181/27019/60673/10376/4694/1340/22863/8021/1350/10975/7277/7979/5682/10452/11047/1327/4695/55860/842/29979/5630/3178/1329/5879/4711/5695/4686/11258/89953/7280/834/10121/4704/9818/4716/6647/5694/5686/91181/5868/4726/54539/4715/4718/498/522/2890/116442/3798/7381/9542/65018/4720/84134/516/5710/5692/4731/56893/5701/2905/10482/129401/55255/493869/836/27089/1345/4712/5702/4714/4218/7846/4723/10476/3800/7386/145957/220988/3799/4696/598/596/9451/5707/9973/126328/1649/10540/84617/1351/375189/2902/4729/2066/2081/9377/10189/71/29796/55967/4700/5600/56901/10718/51079/8632/6300/5535/4697/9883/4217/196385/4513/4540/4512/4537/4508/6392/1639/23636/4722/642659/4509/2876/440567/539/400916/10381/4701/2904",196
"Genetic Information Processing","Translation","hsa03010","Ribosome","128/3554","222/9376",0.576576576576577,1.52109791276927,6.13901389257637,1.26987131521375e-09,1.11431207910007e-07,7.78631622223168e-08,"6224/51121/55173/84545/60488/64951/6141/6160/65993/6193/10573/6128/6175/6122/6217/51073/6223/6142/6158/6143/51264/6164/6207/51258/29074/6206/51069/10884/23107/6152/11222/6209/9801/51253/6146/6144/6125/6204/51081/9349/64949/6183/25873/64981/6155/7818/6210/65080/54534/11224/51187/6229/6187/6205/23521/6135/6202/65005/6233/64969/6161/6189/6167/6134/28957/6129/6130/6188/740/2197/54148/124995/6132/6154/6159/128308/200916/6133/6208/6157/6137/3921/6203/64979/6227/6201/28998/122704/6169/6124/65003/6138/6181/6232/64963/64975/51021/6165/116541/51065/64976/6228/9045/219927/6231/6168/6136/28977/6191/6147/4736/6170/64978/28973/10399/6150/7311/6171/6222/6234/51373/6173/9553/64968/26589/6182/6139/54460",128
"Human Diseases","Neurodegenerative disease","hsa05012","Parkinson disease","149/3554","268/9376",0.555970149253731,1.4667349801359,6.05667801561495,1.94178914504689e-09,1.36313597982292e-07,9.52498675359843e-08,"5689/7384/5704/4719/55334/5685/2773/4710/815/5566/7419/581/4708/3710/5714/513/4713/7494/25828/5706/5684/5693/23516/10382/10105/5709/4717/4728/4891/1337/7922/1347/374291/27429/9167/4780/11315/515/6390/22926/4709/4702/1843/3709/10376/4694/1340/1350/10975/7277/7979/5682/11047/1327/4695/7326/842/1329/4711/5695/89953/7280/4704/4716/2774/25800/6647/6531/5694/5567/5686/27173/6233/4726/54539/4715/55630/1813/7316/4718/291/498/7345/522/3798/7381/9246/65018/4720/516/5710/5692/808/118424/4731/5701/836/27089/1345/4712/6571/91252/5702/4714/7846/4723/10476/3800/7386/7314/3799/2861/4696/55669/598/9451/5707/126328/1649/84617/1351/4729/2081/9377/7054/7318/29796/5413/55967/4700/56901/7332/51079/4697/57181/4217/4513/4540/4512/4537/4508/6392/4722/7311/4509/440567/539/10381/4701",149
"Metabolism","Energy metabolism","hsa00190","Oxidative phosphorylation","86/3554","138/9376",0.623188405797101,1.64406710544559,5.95511198242219,4.32430184207133e-09,2.52971657761173e-07,1.7676532091274e-07,"7384/1355/4719/51606/4710/4708/513/4713/51382/4717/4728/10312/1337/1347/523/374291/9167/515/6390/533/4709/4702/4694/1340/1350/10975/9296/529/1327/4695/1329/4711/9550/10063/27068/4704/4716/245973/4726/54539/526/4715/4718/498/522/528/7381/4720/516/4731/27089/1345/4712/4714/10632/4723/10476/521/7386/4696/155066/126328/1351/4729/9377/5464/29796/55967/4700/23545/56901/51079/4697/4513/4540/4512/4537/4508/6392/4722/534/4509/440567/9551/539/4701",86
"Human Diseases","Neurodegenerative disease","hsa05020","Prion disease","149/3554","275/9376",0.541818181818182,1.42939990791426,5.64666451880509,1.99723077029295e-08,9.17065756631775e-07,6.40804682246825e-07,"572/5689/7384/5704/4719/729/5685/84699/4710/1459/5566/7419/581/4708/3710/5714/513/4713/5594/5706/5684/5693/778/5595/10382/858/727/10488/10105/5709/4717/4728/1337/1432/1347/3552/374291/9167/1386/515/4688/6390/4709/4702/1958/5533/5290/3709/10376/4694/3553/1340/1350/10975/7277/7979/5682/11047/1327/4695/842/3915/1329/5879/4711/5695/89953/7280/4704/4716/6647/5694/5567/5686/148327/4726/5295/9586/54539/4715/4718/291/498/522/3798/7381/776/90993/653361/4720/714/516/5710/5692/4731/5701/2905/5580/836/27089/1345/4712/5702/4714/7846/4723/10476/3800/7386/3799/4696/5293/5621/9451/5707/126328/1649/84617/1351/2902/4729/9377/64764/29796/55967/4700/5600/56901/51079/6300/5535/4697/4513/4540/4512/4537/4508/6392/1460/4722/1388/4509/440567/539/283106/10381/4701/6352/2904",149
"Human Diseases","Neurodegenerative disease","hsa05022","Pathways of neurodegeneration - multiple diseases","240/3554","480/9376",0.5,1.3190770962296,5.6069555353272,2.09017836269351e-08,9.17065756631775e-07,6.40804682246825e-07,"572/51384/1856/1770/5689/7384/5704/4719/9821/578/1767/5685/4710/55102/4040/55062/1459/815/5743/489/5609/5289/7419/5663/9706/25978/50507/581/2521/4708/3710/5714/513/4713/5594/7494/10126/4744/5706/5684/5693/84557/778/5595/8312/80208/7976/10671/4741/10382/6804/1855/10105/5709/5608/4790/4717/4728/11211/1337/1432/9896/1347/1452/7474/3552/10120/374291/27429/9167/11315/515/6390/22926/56171/4709/4702/5533/23435/27019/3709/60673/10376/6310/4694/3553/1340/22863/5605/1350/10975/7277/7979/3092/5682/10452/11047/4294/1327/4695/55860/5894/7326/1742/842/3845/324/5630/1329/5879/4711/5695/11258/89953/7280/5330/10121/7222/4704/4716/6647/6531/5694/5686/6233/5868/4726/54539/4715/5331/7316/4718/291/498/2893/7345/522/7476/27123/2890/8324/116442/3798/2776/7381/9246/776/65018/4720/84134/7484/516/5710/5692/808/118424/4731/5701/1857/2905/4041/824/55255/493869/836/27089/1345/4712/10023/5702/4714/4218/7846/4723/10476/1499/3800/7386/7314/3799/2861/4696/55669/598/596/5621/9451/5707/6712/9973/3265/126328/1649/10540/1139/84617/1351/627/2902/4729/2081/9377/2535/7318/29796/5413/55967/4700/5600/56901/7332/51079/8632/7477/6300/5535/8326/4697/487/4217/196385/4513/4540/4512/4537/4508/6392/1460/1639/4722/1454/7311/4509/2876/440567/539/283106/10381/4701/2904",240
"Human Diseases","Infectious disease: viral","hsa05171","Coronavirus disease - COVID-19","131/3554","238/9376",0.550420168067227,1.45209327400065,5.51949312762697,4.18233224062998e-08,1.63110957384569e-06,1.13974668077987e-06,"6224/51121/729/6141/6160/6193/6128/6175/8829/5594/6122/51311/5595/4793/6217/6223/6142/727/6158/6143/4790/6164/6207/7450/1432/6206/1839/6152/6209/6772/6146/3443/5290/6144/6125/6204/3553/9349/718/3661/5648/25873/7187/6155/3572/6210/6885/11224/7097/834/51187/6229/6187/3454/6205/23521/6135/6202/6233/6161/6189/6167/5295/1956/6134/6129/6130/6188/2197/6868/3455/714/1636/3570/6132/6154/6159/3716/200916/6133/115004/6208/6850/6157/6137/3921/3592/3576/2353/6203/5293/6227/719/6201/6169/6124/6138/7189/6181/6232/716/6165/4600/3654/340061/51065/5600/6228/9636/6300/3440/9045/51284/6231/6168/1675/6136/51135/6191/6147/4736/6170/1147/10379/7311/721/6171/6222/6234/6173/6139",131
"Cellular Processes","Transport and catabolism","hsa04142","Lysosome biogenesis","136/3554","250/9376",0.544,1.43515588069781,5.44857431109447,6.023805048129e-08,2.11435557189328e-06,1.47741744864637e-06,"2519/3920/114881/27072/3423/58528/175/1175/51606/84062/55745/5476/8943/79641/8692/55737/8218/10947/26031/23503/7879/27074/114880/23431/28962/9342/162/410/51382/1522/9675/51311/2717/1203/23659/51172/23062/8120/1512/23312/80208/57617/55353/427/1777/79036/1174/20/3988/4669/8649/1075/51296/10312/4891/51699/135112/9896/7942/2030/411/3373/523/28956/64121/1486/533/8673/1211/9559/206358/23163/55317/24141/3425/84286/9296/54982/54832/9885/529/5538/9476/55207/6272/10542/53/967/8763/2799/9550/121260/65082/57707/2588/1213/114876/4864/245973/526/55004/23457/255231/23461/528/10670/11182/219931/7805/1508/119032/164/23339/64223/155066/1657/1212/153129/2517/161/23545/55330/8372/53373/4286/389541/54785/51284/5660/4758/84335/534/8906/64601/9842/91056",136
"Human Diseases","Neurodegenerative disease","hsa05010","Alzheimer disease","197/3554","388/9376",0.507731958762887,1.33947519565583,5.33581332928347,9.59243313163009e-08,3.0608582083656e-06,2.13879131068881e-06,"572/51384/1856/5689/7384/5704/4719/9821/55334/5685/4710/55102/4040/55062/1459/5743/489/5609/5289/7419/5663/9706/50507/4708/3710/5714/513/4713/5594/7494/5706/5684/5693/778/5595/8312/7976/23516/10382/1855/10105/5709/4790/4717/4728/4891/11211/2597/1337/7922/1347/1452/7474/3552/374291/57142/9167/515/6390/22926/4709/4702/3416/5533/5290/3709/60673/10376/4694/3553/1340/22863/5605/1350/10975/7277/7979/5682/11047/1327/4695/5894/842/10313/3845/324/1329/4711/5695/89953/7280/5330/102/83464/4704/4716/25800/207/5694/5686/27173/4726/5295/54539/4715/55630/5331/4718/6868/291/498/522/7476/27123/8324/3798/2776/7381/776/4720/7484/516/5710/5692/8883/808/4731/5701/1857/2905/4041/824/836/27089/1345/4712/10023/91252/5702/4714/322/7846/4723/10476/1499/3800/7386/3799/4696/3643/5293/9451/5707/3265/126328/1649/1139/84617/1351/2902/4729/2081/9377/2535/25825/29796/55967/4700/56901/8660/51079/7477/5535/8326/4697/487/4311/57181/4217/4513/4540/4512/4537/4508/6392/1460/55851/1147/4722/1454/4509/440567/539/283106/10381/4701/2904",197
"Human Diseases","Endocrine and metabolic disease","hsa04932","Non-alcoholic fatty liver disease","90/3554","157/9376",0.573248407643312,1.51231768994476,5.05772858720512,5.15205444655057e-07,1.50697592561604e-05,1.05300761933885e-05,"79602/51085/7384/4719/10062/4710/83737/581/4708/4713/7494/2931/51422/4790/4717/4728/1337/1432/1347/3552/374291/9167/3953/6390/4709/4702/5290/4694/3553/1340/1350/10975/1327/4695/5565/5468/5562/1329/5879/4711/4704/4716/207/4726/5295/54539/4715/4718/7381/4720/4731/3570/5563/836/27089/1345/4712/4714/4723/7386/3576/2353/4696/3643/5293/9451/4296/126328/1649/22877/1351/4729/2081/9377/29796/55967/4700/5600/56901/8660/51079/6300/4697/4217/4513/4512/6392/4722/440567/4701",90
"Human Diseases","Cancer: overview","hsa05208","Chemical carcinogenesis - reactive oxygen species","122/3554","227/9376",0.537444933920705,1.41786260563887,4.97929517498007,6.81724561941309e-07,1.84065631724153e-05,1.28616860673947e-05,"572/9020/4257/7384/4719/4710/5337/5609/7419/50507/4708/513/4713/2953/5594/3162/6655/3091/5595/25865/4233/196/10105/4790/4717/4728/1337/1432/1347/7422/374291/6654/9167/4780/515/4688/6390/10327/4709/4702/5290/4694/1340/5605/1350/10975/1327/4695/5894/653689/3845/2944/1329/5879/4711/1950/4704/4716/6647/207/27/405/52/4726/5295/1956/54539/4715/9446/4718/1646/291/498/522/7381/653361/4720/516/4731/5580/27089/1345/4712/4714/4723/10476/2948/7386/2353/2941/4696/5293/3265/126328/1351/2885/4729/9377/29796/5587/55967/4700/5600/56901/51079/6300/4697/8644/6714/4217/4513/4540/4512/4537/4508/6392/1147/4722/4509/440567/539/4701",122
"Organismal Systems","Nervous system","hsa04723","Retrograde endocannabinoid signaling","85/3554","149/9376",0.570469798657718,1.50498729100022,4.85457898636517,1.40105793941713e-06,3.51265240525295e-05,2.45448496153528e-05,"4719/2773/4710/5566/5743/11343/22999/2775/4708/57084/3710/4713/5594/140679/778/2564/5595/57030/4717/4728/2784/1432/374291/1268/4709/4702/3762/113/3709/4694/51764/2791/196883/4695/747/4711/5330/4704/4716/773/5567/4726/2561/54539/4715/5331/4718/2555/2893/2890/2776/776/4720/4731/222236/2785/3760/2565/2560/57406/4712/4714/4723/2786/4696/2783/55970/2787/112/126328/4729/246213/2567/55967/4700/5600/56901/51079/2563/6300/4697/4540/4537/4722/4701",85
"Human Diseases","Cardiovascular disease","hsa05415","Diabetic cardiomyopathy","110/3554","205/9376",0.536585365853659,1.41559493253908,4.70053268233802,2.6435245022059e-06,6.18584733516181e-05,4.32239444922088e-05,"5164/7384/4719/4710/5590/815/489/7419/4708/7042/513/4713/2936/2997/7046/10105/4790/4717/4728/2597/1337/1432/1347/374291/9167/515/4688/6390/6513/4709/5524/4702/5290/4694/1340/1350/10975/1327/9945/4695/1329/9882/5879/4711/5330/4704/4716/207/25874/4726/5295/54539/4715/5331/4718/291/498/522/7381/653361/4720/516/1636/4731/2539/7048/5580/27089/1278/4846/1345/4712/4714/4723/10476/5162/7386/4696/3643/5293/5499/126328/4087/1351/4729/9377/6517/29796/55967/4700/5600/6667/56901/51079/5501/6300/4697/487/4513/4540/4512/4537/4508/6392/4722/5500/4509/440567/539/4701",110
"Human Diseases","Infectious disease: bacterial","hsa05132","Salmonella infection","125/3554","248/9376",0.504032258064516,1.32971481474758,4.11135270246154,3.31471115712425e-05,0.000727164760094131,0.000508110328690756,"5898/27072/5286/578/10787/5217/7879/5609/5063/5289/1785/6932/581/8655/58484/3326/5594/27128/25828/10398/8717/5595/29108/57617/10671/10382/8677/5294/10392/58498/5216/9267/5608/4790/329/5869/2597/1432/6500/10120/23207/103910/8795/5290/10376/51209/1434/3553/83658/6237/5605/7277/5420/55860/5894/5287/55207/6885/29109/5879/10006/81873/4609/11258/89953/7280/7097/834/10121/51176/5288/65082/207/375/388/5868/6993/6188/3606/83439/9844/3798/10109/836/7184/23339/7846/83547/1499/3800/197259/83657/3576/2353/3799/5293/596/257364/10333/3265/7189/10540/84617/375189/23265/302/71/3654/5600/113146/3840/6300/4646/2316/837/51135/1639/1147/64601/4636/9842/10093/55845/10381/140735",125
"Environmental Information Processing","Signal transduction","hsa04010","MAPK signaling pathway","147/3554","300/9376",0.49,1.29269555430501,4.02566618119301,4.51876218572214e-05,0.000932991486581454,0.000651932872615021,"9020/8913/9254/23542/5536/8491/3479/4804/2065/782/10235/27006/5566/27330/27092/5609/2260/4208/285/7042/4616/2872/5594/8911/6655/5494/9252/6789/994/778/2321/8717/5595/6788/8605/59284/4233/7046/1845/5608/8649/4790/84867/80824/1432/6722/7422/5924/5159/3552/6654/1386/1647/1843/7010/1846/5533/9479/2322/3164/3553/5623/6237/2002/5605/5908/51295/10912/3727/4294/5894/3845/22800/51347/6885/5879/4609/408/5607/5495/1847/2247/1950/23162/1848/7786/2252/409/773/207/59283/9064/5567/11221/84451/56034/1956/4915/9344/93589/284/5922/776/1844/8822/283748/2264/8986/7039/7048/1849/836/2277/10369/3481/784/5871/8681/5881/10746/2353/80310/3643/55970/4296/3265/7189/1649/627/2885/2066/5062/3654/1946/1850/5600/6300/5535/3556/4763/2316/4217/5154/51135/4914/4215/1147",147
"Cellular Processes","Transport and catabolism","hsa04144","Endocytosis","124/3554","250/9376",0.496,1.30852447945976,3.86302616531948,8.93726125801503e-05,0.00174276594531293,0.0012177671772617,"381/6642/9765/1175/55040/5662/29924/5590/55737/4734/8218/22905/5337/7879/83737/1785/25978/10890/51510/27131/51324/9727/51100/253725/27128/55738/128866/50855/858/7046/8395/28964/9267/64750/51699/5869/11021/23527/10254/7456/9829/440073/51019/1211/9559/84612/23096/58513/3949/27243/5119/84440/64145/84313/116983/116988/116986/4193/23325/11311/274/81873/408/79720/5371/1213/409/6455/375/5868/9922/1956/29934/56904/84364/8853/50807/118813/3798/80223/116987/1234/2264/51160/10109/7048/9897/138429/4218/55048/5867/3800/378/11031/3799/156/3265/7189/4087/1212/79643/155382/80230/10193/161/9146/23396/119016/6714/26052/2870/57154/2869/830/55680/414189/3107/3133/3134/3105/3106/10093/26286/57132",124
"Genetic Information Processing","Translation","hsa03013","Nucleocytoplasmic transport","60/3554","108/9376",0.555555555555556,1.46564121803289,3.80258150167451,0.000135715650863805,0.00250716807648397,0.0017518973213998,"7175/84321/55706/23534/3843/55746/9984/7514/3842/51194/5905/22985/5411/8480/1917/55916/30000/22794/55161/55110/57122/9631/7341/9670/2733/348995/1434/65109/57187/8021/5901/64328/10250/10526/11097/4686/9818/9775/91181/25909/10482/129401/80145/55308/65110/51068/10073/84305/10189/11260/6612/3840/6613/9883/3841/7919/55705/64901/10921/23636",60
"Human Diseases","Infectious disease: viral","hsa05165","Human papillomavirus infection","158/3554","333/9376",0.474474474474474,1.25173682404971,3.6544401146132,0.000187602066904479,0.00329241627417361,0.00230059376782862,"572/51384/1856/1387/3675/3674/578/27175/3371/51606/1298/10319/3909/84699/5525/5315/5590/5526/5566/64398/5743/4854/5663/1286/6932/4799/581/3912/3655/55012/1299/5594/4242/6655/51382/284217/8717/5595/50855/8312/7976/898/5518/1021/3696/3955/6009/10488/1855/6198/7448/4790/10312/7450/1027/11211/7422/3910/5515/1452/5159/7474/3280/523/3676/6772/6654/7143/533/6696/3443/5290/84612/3661/5605/9296/529/7187/3996/5894/10207/3845/1284/324/3679/4193/3915/1101/9550/22801/3685/1950/3454/207/5567/148327/245973/55502/3680/5295/9586/1956/526/472/2308/9223/83439/7476/528/8324/90993/7484/3455/9794/1857/3716/3673/836/7015/1278/1499/3516/7148/1285/5986/155066/5734/5293/3265/2885/2535/23513/64764/4600/23545/10134/7058/1282/9636/1978/7477/1287/3440/8326/5649/3908/55534/3914/4855/3107/3133/3134/3105/1147/534/10379/3672/3106",158
"Cellular Processes","Transport and catabolism","hsa04137","Mitophagy - animal","58/3554","105/9376",0.552380952380952,1.45726612535842,3.68136295759237,0.000214636167696985,0.00358749023150675,0.00250677829941842,"139341/1459/7879/3091/84557/22879/665/79735/23770/8887/64750/5869/7942/64786/51622/6237/55288/10651/10452/3845/22800/9958/23710/89941/6233/5868/221960/7316/9868/27342/65018/84134/79671/84315/10370/11337/7314/55669/598/9451/3265/664/345778/285973/6667/4286/6477/54543/6714/54708/57154/4976/1460/51024/11331/7311/192111/283106",58
"Genetic Information Processing","Replication and repair","hsa03420","Nucleotide excision repair","38/3554","63/9376",0.603174603174603,1.59126760814999,3.67889853473696,0.000246077338459463,0.00392605208178506,0.00274335023258635,"5439/2067/4331/5981/5431/5982/5434/5435/5427/5432/2068/5438/3978/5425/5985/56655/6118/5887/6117/1022/902/8451/1069/5440/5437/5984/57654/1642/5436/57804/2072/5426/5441/5886/728340/29935/2074/81488",38
"Organismal Systems","Nervous system","hsa04721","Synaptic vesicle cycle","45/3554","79/9376",0.569620253164557,1.50274605899575,3.50589620597054,0.000431017965757097,0.00657770895568439,0.00459620988656309,"1175/51606/8218/6507/1785/22999/57084/112755/51382/140679/57030/8775/5864/6804/6505/6532/6506/10312/2054/523/533/1211/9296/23025/529/9550/440279/1213/773/6531/245973/10814/526/528/6571/9152/10815/155066/1212/246213/161/23545/26052/534/6844",45
"Human Diseases","Cancer: specific types","hsa05225","Hepatocellular carcinoma","86/3554","170/9376",0.505882352941176,1.33459565030289,3.4396758378225,0.000459354312439936,0.00671805681943406,0.00469427871923268,"572/51384/1856/4257/8193/578/4040/51412/6595/6932/6604/2950/581/7042/4616/2953/5594/3162/6655/5595/8312/7976/1021/4233/7046/1855/6198/2549/11211/1871/1452/7474/6654/4780/1647/8289/5290/51426/2002/5605/6597/25759/55274/10912/5894/653689/3845/2944/324/86/4609/51176/6601/207/5295/1956/1029/53358/9446/83439/7476/8324/7484/6464/1857/4041/7039/7048/55193/7015/10023/3481/1499/2948/2941/598/5293/3265/4087/2885/2535/71/399694/7477/8326/196528",86
"Organismal Systems","Endocrine system","hsa04926","Relaxin signaling pathway","68/3554","130/9376",0.523076923076923,1.37995757759404,3.4083021707865,0.000540343574184578,0.00758642378155148,0.00530105485410555,"2769/84699/2773/5590/5566/5609/1286/2775/5594/6655/5595/7046/10488/4790/2784/1432/7422/6654/1386/113/5290/5605/51764/2791/196883/25759/5894/122042/3845/1284/1910/408/5330/409/207/5567/148327/5295/9586/1956/53358/5331/90993/6464/2785/7048/1278/4846/2277/2786/1285/2353/5293/2783/55970/2787/112/3265/4087/2885/64764/5600/399694/1282/6300/1287/6714/1388",68
"Cellular Processes","Transport and catabolism","hsa04140","Autophagy - animal","85/3554","169/9376",0.502958579881657,1.32688228614812,3.35030169285051,0.000625829896771936,0.00824799574253808,0.00576333185788386,"572/3920/27072/9821/58528/9474/81671/5588/55102/55062/5566/7879/5289/8417/9706/55054/51100/9342/5594/8897/3091/84557/115201/55578/5595/57617/8887/6009/6198/10645/5515/26003/64121/6794/8673/5290/60673/84938/6237/22863/5605/5894/5562/3845/22800/6885/23710/65082/207/5567/6233/5295/9140/7316/10670/116442/5563/5580/55255/1508/23339/4218/1613/64223/89849/11337/7314/598/5293/596/9451/3265/7189/664/2081/285973/8660/1612/11152/10533/7405/84335/64601/7311/9842",85
"Cellular Processes","Cellular community - eukaryotes","hsa04520","Adherens junction","51/3554","93/9376",0.548387096774194,1.44672971844537,3.38259804138634,0.000634461210964467,0.00824799574253808,0.00576333185788386,"889/1387/9855/6591/7414/999/1495/1459/2260/6932/10580/5594/10398/5595/7082/54922/4233/58498/7046/64750/5818/11235/103910/5908/5787/5819/6885/5879/83605/9411/51176/8826/52/1956/83439/55698/7048/1499/5881/3643/5797/57493/10458/7525/25945/71/6714/57154/1460/4636/283106",51
"Human Diseases","Infectious disease: parasitic","hsa05140","Leishmaniasis","44/3554","78/9376",0.564102564102564,1.48818954446416,3.38258916734853,0.000660905035506407,0.00828491669509817,0.00578913057417266,"5743/7042/3717/5594/1917/5595/4793/4790/1432/3552/3676/6772/4688/3553/718/2002/6885/7097/2209/653361/3460/3689/3716/2215/3592/3684/2353/7189/3119/3654/5600/6300/3123/3117/51135/3127/2214/3111/3108/3122/3115/3113/3112/3109",44
"Metabolism","Carbohydrate metabolism","hsa00051","Fructose and mannose metabolism","23/3554","35/9376",0.657142857142857,1.73364418361605,3.39727782442152,0.000773784721502512,0.00936546335335799,0.00654416842504847,"231/51171/5372/7264/230/7167/2762/5210/5208/55556/229/6652/5211/29926/26007/226/5213/80201/197258/5207/3099/5209/4351",23
"Human Diseases","Drug resistance: antineoplastic","hsa01521","EGFR tyrosine kinase inhibitor resistance","44/3554","80/9376",0.55,1.45098480585256,3.16495176534397,0.00134466708517165,0.0153069432521076,0.0106958097997933,"572/3479/2065/581/3717/5594/6655/5595/4233/6198/2549/7422/5159/6654/5290/5605/25759/5894/3845/9470/2247/1950/207/56034/5295/1956/53358/9542/6464/3570/3716/7039/80310/598/5293/596/3265/2885/2621/399694/1978/4763/6714/5154",44
"Environmental Information Processing","Signal transduction","hsa04151","PI3K-Akt signaling pathway","165/3554","362/9376",0.455801104972376,1.20247359601041,3.06953191994826,0.00140799873537218,0.0153069432521076,0.0106958097997933,"572/3675/3674/3479/23035/3371/1298/10319/3909/84699/1975/4804/9170/2065/5525/5526/27006/2260/1286/23239/3912/3655/285/55012/1299/3326/3717/5594/6655/5106/10110/284217/2321/5595/23678/3574/2997/898/11140/5518/3718/1021/5294/3696/4233/6009/10488/6198/7531/7448/4790/7450/1027/2784/7422/3910/2690/5515/5159/3676/6654/1386/7143/6794/4602/6696/7010/3443/5290/2322/3164/5623/5605/51764/2791/7533/5894/5562/842/3845/1284/3679/4193/3915/9470/5879/1101/4609/7097/22801/3685/2247/1950/10161/2252/92579/23533/3454/207/4170/148327/3680/56034/9180/5295/9586/1956/2846/4915/9223/284/90993/8822/3455/117145/3570/200186/2264/2785/5563/3716/7039/3673/1278/4846/7534/6850/2277/7184/7529/3481/64223/2786/7148/1285/80310/3643/23566/598/5293/596/2783/55970/2787/3265/627/2885/2066/1129/64764/1946/7058/2057/1282/1978/1287/3440/5649/3908/3914/5154/4914/1147/1388/3672",165
"Metabolism","Carbohydrate metabolism","hsa00562","Inositol phosphate metabolism","43/3554","78/9376",0.551282051282051,1.45436705481725,3.14823841488009,0.00142625116301814,0.0153069432521076,0.0106958097997933,"9108/5286/55300/8776/51447/5289/8871/80271/8898/8897/3705/55613/10423/51477/5294/8395/8821/7167/9896/4329/5290/64768/51763/5287/3706/5330/51196/5288/89869/9107/56623/9651/5331/5305/253430/117283/138429/3635/4534/5293/27124/23396/22908",43
"Cellular Processes","Cellular community - eukaryotes","hsa04540","Gap junction","48/3554","89/9376",0.539325842696629,1.4228247330117,3.13130890622207,0.00146231670555263,0.0153069432521076,0.0106958097997933,"153/2983/2773/5566/2767/3710/5594/6655/3356/5595/7082/10382/5159/6654/113/3709/10376/5605/7277/196883/5894/3845/7280/5607/5330/5593/1950/5567/56034/1956/3358/1813/5331/2977/2776/57369/2982/7846/10746/80310/112/3265/84617/2885/5592/6714/5154/10381",48
"Cellular Processes","Cellular community - eukaryotes","hsa04510","Focal adhesion","98/3554","203/9376",0.482758620689655,1.27359167911824,3.0789558141169,0.0014827238477825,0.0153069432521076,0.0106958097997933,"572/3675/3674/3479/7414/3371/1298/10319/9564/3909/4638/4660/5063/1286/3912/3655/1299/5594/6655/85366/10398/284217/2321/5595/3696/858/4233/58498/8395/2889/7448/329/7450/7422/3910/5159/3676/6654/7143/103910/6696/5290/54776/2002/5908/25759/5894/1284/3679/3915/2317/5879/1101/22801/56924/3685/1950/7409/207/3680/56034/5295/1956/53358/7791/7410/6464/824/3673/1278/2277/1499/7148/1285/5881/80310/5293/596/5499/3265/2885/5062/71/399694/23396/5501/7058/1282/1287/5649/3908/3914/2316/6714/5154/5500/3672/4636",98
"Human Diseases","Infectious disease: viral","hsa05168","Herpes simplex virus 1 infection","88/3554","180/9376",0.488888888888889,1.28976427186894,3.06683108295008,0.00157098423559706,0.0157547276198448,0.0110087015607253,"572/972/5452/578/7188/29992/581/3717/6430/8717/6009/727/4790/329/5818/1967/29915/8890/6772/6429/3443/29990/5290/6431/3553/718/3661/5199/5819/7187/842/6885/6041/7097/55080/5371/3454/207/5451/8893/5295/8764/3455/3460/10482/3716/836/115004/6850/6890/3592/598/5293/596/5499/3054/7189/3119/10189/3654/340061/3665/5501/1978/3440/3123/3117/6714/51135/3127/3111/3108/6891/3122/3107/3133/3134/3105/1147/5500/10379/3115/3113/6892/3106/3112/3109/6352",88
"Metabolism","Global and overview maps","hsa01212","Fatty acid metabolism","33/3554","57/9376",0.578947368421053,1.52735242721322,3.12005299432917,0.00167697020994495,0.0163504595469633,0.0114249724829583,"60481/30/2182/37/51495/38/6319/9524/27349/33/6342/51102/39/2181/1892/5538/3295/79966/84869/51144/54995/2180/51/79993/23305/126129/79071/401494/36/51703/54898/7923/201562",33
"Environmental Information Processing","Signaling molecules and interaction","hsa04517","IgSF CAM signaling","138/3554","299/9376",0.461538461538462,1.21760962728886,2.98779489536646,0.00186963130844238,0.0177362321422506,0.0123932886164175,"3683/1272/7414/999/3937/9564/9423/4638/5588/8832/5817/3785/5362/3385/5063/2260/4133/22999/23085/8655/4897/4637/10580/8829/5594/4627/85366/10398/5595/50855/1445/7082/10382/4099/5803/8777/219699/28964/5376/56253/5818/3736/1432/90249/5361/3676/6711/962/8828/103910/9414/5290/51744/10376/84612/5605/5908/7277/5819/92154/91768/5879/81873/7280/7225/5962/56924/51332/8499/4916/8826/3687/7409/207/8497/9353/5295/8573/5375/90952/84623/81928/2308/9223/10225/5789/54538/1525/58494/23426/51735/3689/7410/57731/4356/10109/23114/145581/83700/79827/7846/57524/1499/3635/11141/3684/5293/78999/6712/7189/253559/10458/84617/80059/8541/25945/2885/5062/8633/23705/150084/71/6900/3786/84189/5600/342035/6585/6300/26280/3556/54413/140465/57522/6714/10093/10381/140735",138
"Environmental Information Processing","Signal transduction","hsa04150","mTOR signaling pathway","78/3554","158/9376",0.493670886075949,1.30237991779631,2.99482455697253,0.00201079792342239,0.0185734229242437,0.0129782802259673,"51384/1856/3479/58528/51606/57600/1975/4040/27330/55437/9706/5594/6655/51382/9675/9663/81617/5595/7976/6009/1855/6198/8649/11211/7474/10641/523/6654/28956/64121/6794/5290/5605/84219/9296/529/5894/5562/3845/10542/23175/79899/9470/51719/9550/207/245973/6502/5295/526/55004/7476/528/8324/10670/7484/1857/4041/5563/253260/64223/3643/5293/3265/153129/2885/2535/55615/1978/7477/389541/8326/84335/1147/534/96459/92335/729438",78
"Metabolism","Glycan biosynthesis and metabolism","hsa00533","Glycosaminoglycan biosynthesis - keratan sulfate","11/3554","14/9376",0.785714285714286,2.07283543693223,3.13849223961217,0.00234596205078083,0.0211136584570275,0.014753283612198,"6482/8704/8702/6487/93010/6483/8703/10678/9435/8534/4166",11
"Human Diseases","Infectious disease: bacterial","hsa05120","Epithelial cell signaling in Helicobacter pylori infection","39/3554","71/9376",0.549295774647887,1.44912695078745,2.9678937661173,0.00254515325195374,0.0223337197858941,0.0156058080975058,"9020/51606/2920/51382/1445/7082/4233/10392/5803/28964/4790/10312/1432/1839/523/533/9296/529/5879/9550/102/245973/1956/526/6868/58494/528/836/83700/3576/155066/150084/23545/5600/6300/6714/1147/534/6352",39
"Organismal Systems","Nervous system","hsa04724","Glutamatergic synapse","59/3554","116/9376",0.508620689655172,1.34181980478528,2.89420288745606,0.00287994645275613,0.0246551513394488,0.0172279210139198,"23154/9454/2773/5566/5337/6507/2775/9762/57084/3710/5594/5595/57030/8605/6505/6506/81539/2784/5533/113/3709/2914/51764/2791/196883/1742/2752/5330/773/5567/7220/5331/9456/2893/2890/2776/776/283748/2905/50944/22941/2785/3760/2899/2786/8681/9229/2897/2783/55970/156/2787/112/2902/246213/10991/5535/85358/2904",59
"Human Diseases","Cancer: specific types","hsa05210","Colorectal cancer","46/3554","87/9376",0.528735632183908,1.39488612474854,2.89104777359795,0.00306944644543946,0.0253725151889595,0.0177291829030666,"572/5898/578/6932/581/7042/4436/4616/5594/6655/5595/8312/27113/7046/6198/4437/6654/1647/5290/51426/5605/10912/5894/842/3845/324/5879/4609/51176/1950/207/5899/5295/1956/83439/7039/7048/836/1499/5881/2353/5293/596/3265/4087/2885",46
"Genetic Information Processing","Folding, sorting and degradation","hsa04141","Protein processing in endoplasmic reticulum","84/3554","174/9376",0.482758620689655,1.27359167911824,2.84606388183359,0.00310831382656768,0.0253725151889595,0.0177291829030666,"7095/51360/11231/578/9709/8454/27248/6400/7321/51009/3998/55973/25956/5609/54431/51619/56681/56605/581/55968/10961/51726/3326/7494/10484/80331/84061/5611/10273/7993/10952/7323/9532/6500/10802/6747/7841/4780/80267/26232/26270/22926/5887/10808/64374/6745/6238/821/1603/5589/7322/7326/23480/23640/9695/3703/29979/23190/9871/55768/51128/118424/56893/51035/824/6746/285126/7184/80700/596/9451/165324/133022/1649/2081/5886/55432/10134/4217/258010/58505/6048/1388/1650",84
"Human Diseases","Infectious disease: parasitic","hsa05145","Toxoplasmosis","57/3554","112/9376",0.508928571428571,1.34263204437656,2.85000725192833,0.00330369748486278,0.0256542901591528,0.0179260746951045,"572/240/10319/3909/2773/2775/3912/3655/7042/3717/5594/284217/5595/4793/5294/10105/5608/4790/3587/329/1432/3910/6772/3949/842/6885/3915/7097/23533/207/3460/1234/3716/836/3592/598/596/7189/3119/3654/5600/6300/3123/3908/3117/3914/51135/3127/3111/3108/3122/1147/3115/3113/3112/3109/3588",57
"Genetic Information Processing","Folding, sorting and degradation","hsa04120","Ubiquitin mediated proteolysis","70/3554","142/9376",0.492957746478873,1.30049854557848,2.81903105916708,0.00347527088624787,0.0256542901591528,0.0179260746951045,"90293/23221/55236/9820/8454/4734/7321/23291/9063/83737/51619/8697/997/23759/4281/23295/10273/6923/55284/51366/51588/51343/27338/64750/7323/25906/329/9354/6500/26232/7320/25847/8881/9040/7322/7326/4193/8451/92912/5371/55070/51529/64326/6233/9039/6502/26091/7316/26272/9246/118424/1642/10477/7324/7314/7189/63893/29882/246184/7334/7318/7325/7332/7328/378884/6477/11060/57154/134111/7311",70
"Genetic Information Processing","Chromosome","hsa03083","Polycomb repressive complex","44/3554","83/9376",0.530120481927711,1.39853957190608,2.8493170506392,0.00350293706306282,0.0256542901591528,0.0179260746951045,"1387/3720/10138/7321/8726/51619/63035/23492/7323/1911/5252/57666/6500/84759/85015/7322/10238/54881/80816/3607/22823/55252/8473/91133/64319/26053/8314/221937/114785/648/3054/80012/84733/23512/84333/54880/23466/26013/10336/84458/54554/7027/6015/1460",44
"Organismal Systems","Development and regeneration","hsa04360","Axon guidance","88/3554","184/9376",0.478260869565217,1.26172591813266,2.80129525106705,0.00351822329694834,0.0256542901591528,0.0179260746951045,"56920/7869/2042/2773/9423/25791/4756/5590/815/7224/10371/10512/5362/5063/285220/54437/57556/3983/8829/5594/10398/5595/50855/7976/4233/2051/3984/219699/9037/90249/7474/5361/2043/103910/5533/5290/84612/1948/6237/64101/6608/5894/7223/3845/2045/5879/7225/56924/80031/658/7222/5998/151449/91653/7220/9353/5295/2041/223117/55740/2047/22854/6259/84448/1073/10501/5881/9723/5293/27289/1072/54961/22885/3265/5062/8633/2242/2049/1946/10509/6585/10507/5535/84628/57522/6714/9860/4636",88
"Metabolism","Glycan biosynthesis and metabolism","hsa00541","Biosynthesis of various nucleotide sugars","14/3554","20/9376",0.7,1.84670793472144,2.96150022739987,0.00361420460429138,0.0256542901591528,0.0179260746951045,"51167/23483/54187/7264/7358/55907/2762/6675/80896/29926/51700/7360/140838/91373",14
"Human Diseases","Cancer: specific types","hsa05213","Endometrial cancer","33/3554","59/9376",0.559322033898305,1.47557776866362,2.86297629648738,0.00361778133292522,0.0256542901591528,0.0179260746951045,"572/578/999/1495/6932/581/4616/5594/6655/5595/8312/6654/1647/5290/51426/2002/5605/10912/5894/842/3845/324/4609/51176/1950/207/5295/1956/83439/1499/5293/3265/2885",33
"Environmental Information Processing","Signal transduction","hsa04068","FoxO signaling pathway","66/3554","133/9376",0.496240601503759,1.30915922332562,2.80549695025003,0.0036544572876286,0.0256542901591528,0.0179260746951045,"1387/3479/9454/7042/23411/4616/5594/6655/5106/10110/6789/5595/23678/51422/7046/1027/1432/604/6654/1647/6794/5290/3276/5605/10365/10912/5565/5894/5562/3845/891/116986/4193/1950/23710/92579/207/6502/5295/9140/1956/85417/26260/472/2308/9456/114907/5563/7048/11067/5347/11337/3643/5293/1263/3265/2290/664/2885/6517/4303/5600/8660/6300/1147/1454",66
"Environmental Information Processing","Signaling molecules and interaction","hsa04518","Integrin signaling","75/3554","154/9376",0.487012987012987,1.28481535347039,2.78432192901004,0.00379702835748532,0.0261324892838695,0.0182602189327983,"3683/3675/3674/3479/7414/999/3371/1298/10319/3909/55679/10979/3385/1286/3682/3912/3655/1299/8174/284217/2321/3696/4233/7448/7450/7422/3910/5159/3676/7143/6696/5290/718/9459/1284/3679/3915/2317/5879/1101/22801/3685/80144/1950/3687/207/3680/56034/5295/1956/83706/3689/3673/1278/158326/2277/1499/7148/1285/5881/3987/3684/80310/5293/71/7058/1282/1287/5649/3908/3914/2316/6714/5154/3672",75
"Environmental Information Processing","Signal transduction","hsa04152","AMPK signaling pathway","61/3554","122/9376",0.5,1.3190770962296,2.77152658145192,0.00409102479581061,0.0276144173717216,0.0192957242393496,"79602/3479/84699/23216/5525/1994/5526/32/55437/10890/55012/23411/6319/5106/81617/2997/5518/6009/51422/10488/6198/10891/10645/5515/5210/3953/6794/148/5290/5208/5565/5468/5562/6885/51719/92579/5211/207/148327/79966/5295/9586/2308/5213/90993/5207/200186/5563/4218/1938/126129/5209/3643/5293/1149/6517/64764/8660/1978/84335/92335",61
"Environmental Information Processing","Signal transduction","hsa04390","Hippo signaling pathway","76/3554","157/9376",0.484076433121019,1.27706827150891,2.73528739085551,0.00436179448603125,0.0288866012188108,0.0201846696175826,"51384/1856/6591/999/1495/5590/11186/64398/23291/2736/174/6932/7042/4092/50855/8312/7976/6788/268/27113/5518/7046/1855/7531/329/11211/653/5515/7474/3398/1490/84612/650/7533/9113/3996/1742/10207/324/4609/10413/658/51176/122786/126374/7159/151449/8994/286204/26524/9231/60485/83439/654/7476/8324/7484/3689/1857/7048/7534/7529/1499/5499/92597/4087/2535/23513/71/5501/4771/7003/7477/8326/5500/1454",76
"Cellular Processes","Transport and catabolism","hsa04145","Phagosome","75/3554","155/9376",0.483870967741935,1.27652622215768,2.71219810319394,0.0046681796585071,0.0301166309074638,0.0210441595484752,"4353/3920/4481/51606/9341/2213/7879/5289/8417/51382/11151/10382/10952/10312/5869/523/4688/533/78989/10376/718/821/7277/9296/529/23480/6441/5879/9550/7280/7097/3685/245973/5868/526/2209/22925/528/653361/3689/2215/3673/7846/83547/6890/3684/155066/64581/4973/10333/84617/3119/71/23545/9146/7058/3123/3117/3127/2214/3111/3108/6891/3122/3107/3133/3134/3105/534/3115/3113/3106/3112/3109/10381",75
"Human Diseases","Cancer: specific types","hsa05222","Small cell lung cancer","48/3554","93/9376",0.516129032258065,1.36162797030152,2.73821510758085,0.00471913019917524,0.0301166309074638,0.0210441595484752,"3675/3674/578/10319/3909/5743/5915/1286/7188/581/3912/3655/4616/284217/898/1021/4790/329/1027/1871/3910/1647/7709/5290/51426/10912/7187/842/1284/3915/4609/3685/207/6502/5295/3673/836/1285/598/5293/596/1163/7189/1282/1287/3908/3914/1147",48
"Environmental Information Processing","Signal transduction","hsa04015","Rap1 signaling pathway","99/3554","212/9376",0.466981132075472,1.23196823138425,2.66908344056997,0.00505080177613401,0.0316577039896971,0.0221209927413388,"889/3683/3674/5898/9855/3479/999/3937/9564/4804/9170/2773/5590/10235/5217/27006/5909/54518/2260/2775/11069/285/5594/2321/5595/50855/25865/23094/4233/2889/5216/5608/1432/7422/5159/1268/7010/113/5290/84612/6237/5605/5908/9732/196883/5894/3845/9771/5879/5330/51196/2247/1950/2252/7409/207/5899/56034/5295/1956/2846/1813/5331/9223/284/55740/2776/7074/8822/51735/808/3689/7410/2264/2277/1499/10636/5881/5028/3684/136/80310/3643/23566/5293/112/3265/375189/2902/71/5587/1946/5600/6300/51466/6714/5154/26037/2904",99
"Metabolism","Glycan biosynthesis and metabolism","hsa00604","Glycosphingolipid biosynthesis - ganglio series","11/3554","15/9376",0.733333333333333,1.93464640780341,2.83034969963762,0.00578186924303611,0.0350930872378775,0.0245214854593656,"6482/29906/6489/8869/81849/2583/27090/6483/30815/9197/256435",11
"Organismal Systems","Circulatory system","hsa04260","Cardiac muscle contraction","45/3554","87/9376",0.517241379310345,1.36456251334097,2.66904197558935,0.00579885772021907,0.0350930872378775,0.0245214854593656,"9254/7384/782/483/489/27092/6548/6547/778/59284/1337/1347/9167/7139/1340/1350/10975/482/1327/480/1329/486/7168/59283/7170/93589/7381/776/70/27089/1345/10369/7171/784/7386/1351/9377/29796/487/444/7169/10479/4513/4512/440567",45
"Organismal Systems","Endocrine system","hsa04921","Oxytocin signaling pathway","74/3554","154/9376",0.480519480519481,1.26768448209078,2.61685251324962,0.00610557930519308,0.0363230226461487,0.025380909511329,"952/9254/2983/2773/4638/782/815/5566/5743/27092/4660/4208/2775/4637/3710/5594/85366/10398/778/5595/8605/59284/5294/51422/10645/5997/3762/5533/113/3709/54776/2002/5605/196883/5565/5894/5562/3845/5607/5330/23533/7226/59283/5567/1956/5331/93589/2977/2776/776/283748/808/5563/3760/2982/4846/10369/784/1938/3761/8681/4881/2353/5499/112/3265/4878/3770/71/5501/5535/140465/6714/5500",74
"Metabolism","Global and overview maps","hsa01250","Biosynthesis of nucleotide sugars","22/3554","37/9376",0.594594594594595,1.56863222254331,2.70763668642789,0.00626658106150745,0.0366594992098186,0.0256160243391445,"5238/23483/54187/5372/7264/2821/7358/55907/2762/6675/2582/9945/29926/80201/2585/197258/3099/7360/140838/4351/91373/2592",22
"Organismal Systems","Nervous system","hsa04725","Cholinergic synapse","57/3554","115/9376",0.495652173913044,1.30760686061021,2.59312973295075,0.00681083680402735,0.0391902248887475,0.0273843826633024,"3784/84699/2773/815/5566/3785/1136/43/2775/2767/3710/3717/5594/1137/778/5595/5294/10488/2784/60482/113/5290/3709/51764/2791/196883/3845/5330/23533/773/207/5567/148327/5295/9586/5331/2776/776/90993/2785/3760/3761/2786/2353/5293/596/2783/55970/2787/112/3265/1139/1129/64764/3770/3786/56479",57
"Genetic Information Processing","Replication and repair","hsa03430","Mismatch repair","15/3554","23/9376",0.652173913043478,1.72053534290817,2.70303698712885,0.00721016071725029,0.0408188130928202,0.0285223675232482,"5981/5982/4436/3978/6742/5425/5985/4437/6118/27030/6117/5984/9156/57804/29935",15
"Human Diseases","Infectious disease: bacterial","hsa05152","Tuberculosis","85/3554","181/9376",0.469613259668508,1.23891218982891,2.53577069771019,0.00745504966093799,0.0415352766823688,0.029023000350853,"4800/572/1387/3920/972/51606/56848/8625/815/2213/7879/5289/581/7042/3717/5594/8717/11151/5595/4790/3587/10312/5869/1432/3552/6772/533/3443/4801/5533/3553/718/4046/5894/842/3656/7097/3687/207/5993/3329/5868/2209/3606/22925/1054/2207/3460/808/3689/3716/2215/836/6850/3592/3684/596/10892/64581/1263/7096/10333/7189/8877/3119/3654/23545/5600/6300/3440/5535/3123/3117/6714/51135/3127/2214/3111/3108/3122/3115/3113/3112/3109/3588",85
"Genetic Information Processing","Folding, sorting and degradation","hsa03050","Proteasome","26/3554","46/9376",0.565217391304348,1.49113063052042,2.60881548802675,0.00777711010965424,0.042652588257635,0.0298037278873263,"5689/5704/5685/23198/5714/5706/5684/5693/5721/5709/7979/5682/11047/10197/51371/5695/5694/5686/5710/5692/5701/5702/5707/5696/5699/5698",26
"Human Diseases","Infectious disease: viral","hsa05163","Human cytomegalovirus infection","104/3554","227/9376",0.458149779735683,1.20866976218395,2.48653104150879,0.00827885471430525,0.0447058154572484,0.0312384315535729,"6376/578/5733/9564/84699/2773/5566/5743/7188/581/2775/2767/3710/5594/6655/8717/5595/1021/6009/10488/6198/5608/4790/3587/2784/1432/1871/7422/6654/1386/3443/5533/113/5290/3709/3553/3661/2002/5605/51764/2791/196883/5894/842/3845/4193/5879/4609/5330/3685/55080/207/5567/148327/5295/9586/1956/1029/5331/2776/90993/808/3570/1234/2785/3716/1230/836/115004/1499/2786/6890/3576/5881/11214/5734/5293/2783/55970/2787/112/3265/2885/64764/340061/5600/6667/1978/6300/3440/5535/6714/6891/3107/3133/3134/3105/1147/1388/6892/3106/3588/6352/6351",104
