graph_type,disorder,metric,u_statistic,p_value,cliffs_delta,tf_mean,gene_mean,tf_median,gene_median,n_tf,n_gene
deggrn,AD,Strength,0.0,2.5493747220630823e-58,-1.0,38.20207468847352,245.25731949999997,36.5024,245.21774166666665,642,100
deggrn,AD,Clustering_Coefficient,64200.0,2.5493747220630823e-58,1.0,0.08692130942637395,0.057690398880097644,0.08544142492565315,0.05812900801619329,642,100
deggrn,AD,Closeness_Centrality,64200.0,1.852668668157522e-58,1.0,0.04872024494719703,0.0,0.04666227133364613,0.0,642,100
deggrn,AD,Eccentricity_Centrality,64200.0,1.852657995656613e-58,1.0,3.0090640965732085,0.0,2.8088083333333334,0.0,642,100
deggrn,AD,Betweenness,32100.0,1.0,0.0,0.0,0.0,0.0,0.0,642,100
deggrn,ADHD,Strength,1053121.0,4.825960729950339e-300,0.9942451901227087,625.0471809006212,245.44535640243905,602.6254083333333,245.08988333333332,644,1640
deggrn,ADHD,Clustering_Coefficient,161869.0,4.84233882743589e-147,-0.6934763672170883,0.044284568809820644,0.055959914381363295,0.04493056579496457,0.0561843520863661,644,1640
deggrn,ADHD,Closeness_Centrality,1056160.0,0.0,1.0,0.2564755039162945,0.0,0.24512956541890454,0.0,644,1640
deggrn,ADHD,Eccentricity_Centrality,1056160.0,0.0,1.0,2.180166563146998,0.0,2.0816,0.0,644,1640
deggrn,ADHD,Betweenness,528080.0,1.0,0.0,0.0,0.0,0.0,0.0,644,1640
deggrn,ASD,Strength,1299574.0,0.0,0.9999722989984549,769.9656848343685,245.7174930789561,749.2881666666667,244.73874999999998,644,2018
deggrn,ASD,Clustering_Coefficient,204994.0,3.2825911569916885e-151,-0.6845256049590949,0.044325217766922706,0.05555755175297379,0.045051791406481884,0.055722378399016545,644,2018
deggrn,ASD,Closeness_Centrality,1299592.0,0.0,1.0,0.2709253130953478,0.0,0.26130267443494404,0.0,644,2018
deggrn,ASD,Eccentricity_Centrality,1299592.0,0.0,1.0,2.152700388198758,0.0,2.0675499999999998,0.0,644,2018
deggrn,ASD,Betweenness,649796.0,1.0,0.0,0.0,0.0,0.0,0.0,644,2018
deggrn,BD,Strength,1781304.0,0.0,1.0,1060.4334499482402,246.8977374427573,1037.9436333333333,246.41720833333335,644,2766
deggrn,BD,Clustering_Coefficient,288289.0,7.34164363101787e-158,-0.6763169004280011,0.044503039260583736,0.055647852437450795,0.045381716243627315,0.05571827760545471,644,2766
deggrn,BD,Closeness_Centrality,1781304.0,0.0,1.0,0.29109327238207516,0.0,0.2830761423281736,0.0,644,2766
deggrn,BD,Eccentricity_Centrality,1781304.0,0.0,1.0,2.1043157867494826,0.0,2.04195,0.0,644,2766
deggrn,BD,Betweenness,890652.0,1.0,0.0,0.0,0.0,0.0,0.0,644,2766
deggrn,MDD,Strength,6874056.0,0.0,1.0,4081.45017176501,246.2482584426332,4037.982841666667,245.69780833333334,644,10674
deggrn,MDD,Clustering_Coefficient,1098497.0,1.9548199946821006e-185,-0.6803933514652776,0.04437549703404086,0.055495334107694895,0.04562232169190232,0.055559782120098294,644,10674
deggrn,MDD,Closeness_Centrality,6874056.0,0.0,1.0,0.3374703877247318,0.0,0.33056796604327054,0.0,644,10674
deggrn,MDD,Eccentricity_Centrality,6874056.0,0.0,1.0,2.0345645962732917,0.0,2.01045,0.0,644,10674
deggrn,MDD,Betweenness,3437028.0,1.0,0.0,0.0,0.0,0.0,0.0,644,10674
deggrn,OCD,Strength,1121627.0,1.142211076792932e-307,0.9984587863432435,667.0055344202899,246.44381191432396,645.1376666666667,245.5356,644,1743
deggrn,OCD,Clustering_Coefficient,180357.0,2.912593877563099e-143,-0.6786489346917395,0.04448490409412171,0.05572246494702902,0.04555936728388267,0.05578226010040888,644,1743
deggrn,OCD,Closeness_Centrality,1122492.0,0.0,1.0,0.2617514668300783,0.0,0.2524078052842771,0.0,644,1743
deggrn,OCD,Eccentricity_Centrality,1122492.0,0.0,1.0,2.1679923395445138,0.0,2.0738000000000003,0.0,644,1743
deggrn,OCD,Betweenness,561246.0,1.0,0.0,0.0,0.0,0.0,0.0,644,1743
deggrn,SZ,Strength,1026837.0,5.93134335794655e-298,0.9943306958153194,611.7954289337475,246.40166118407342,599.6628166666667,246.39235,644,1599
deggrn,SZ,Clustering_Coefficient,163608.0,2.2676976819711716e-141,-0.6822392877536038,0.044494231053244175,0.055784138788958396,0.04575486076511011,0.055924230953994854,644,1599
deggrn,SZ,Closeness_Centrality,1029756.0,0.0,1.0,0.2555179949039189,0.0,0.24837415245735933,0.0,644,1599
deggrn,SZ,Eccentricity_Centrality,1029756.0,0.0,1.0,2.178403234989648,0.0,2.0858749999999997,0.0,644,1599
deggrn,SZ,Betweenness,514878.0,1.0,0.0,0.0,0.0,0.0,0.0,644,1599
detfdeggrn,AD,Strength,nan,nan,nan,nan,nan,nan,nan,0,0
detfdeggrn,AD,Clustering_Coefficient,nan,nan,nan,nan,nan,nan,nan,0,0
detfdeggrn,AD,Closeness_Centrality,nan,nan,nan,nan,nan,nan,nan,0,0
detfdeggrn,AD,Eccentricity_Centrality,nan,nan,nan,nan,nan,nan,nan,0,0
detfdeggrn,AD,Betweenness,nan,nan,nan,nan,nan,nan,nan,0,0
detfdeggrn,ADHD,Strength,nan,nan,nan,nan,nan,nan,nan,0,0
detfdeggrn,ADHD,Clustering_Coefficient,nan,nan,nan,nan,nan,nan,nan,0,0
detfdeggrn,ADHD,Closeness_Centrality,nan,nan,nan,nan,nan,nan,nan,0,0
detfdeggrn,ADHD,Eccentricity_Centrality,nan,nan,nan,nan,nan,nan,nan,0,0
detfdeggrn,ADHD,Betweenness,nan,nan,nan,nan,nan,nan,nan,0,0
detfdeggrn,ASD,Strength,nan,nan,nan,nan,nan,nan,nan,0,0
detfdeggrn,ASD,Clustering_Coefficient,nan,nan,nan,nan,nan,nan,nan,0,0
detfdeggrn,ASD,Closeness_Centrality,nan,nan,nan,nan,nan,nan,nan,0,0
detfdeggrn,ASD,Eccentricity_Centrality,nan,nan,nan,nan,nan,nan,nan,0,0
detfdeggrn,ASD,Betweenness,nan,nan,nan,nan,nan,nan,nan,0,0
detfdeggrn,BD,Strength,nan,nan,nan,nan,nan,nan,nan,0,0
detfdeggrn,BD,Clustering_Coefficient,nan,nan,nan,nan,nan,nan,nan,0,0
detfdeggrn,BD,Closeness_Centrality,nan,nan,nan,nan,nan,nan,nan,0,0
detfdeggrn,BD,Eccentricity_Centrality,nan,nan,nan,nan,nan,nan,nan,0,0
detfdeggrn,BD,Betweenness,nan,nan,nan,nan,nan,nan,nan,0,0
detfdeggrn,MDD,Strength,nan,nan,nan,nan,nan,nan,nan,0,0
detfdeggrn,MDD,Clustering_Coefficient,nan,nan,nan,nan,nan,nan,nan,0,0
detfdeggrn,MDD,Closeness_Centrality,nan,nan,nan,nan,nan,nan,nan,0,0
detfdeggrn,MDD,Eccentricity_Centrality,nan,nan,nan,nan,nan,nan,nan,0,0
detfdeggrn,MDD,Betweenness,nan,nan,nan,nan,nan,nan,nan,0,0
detfdeggrn,OCD,Strength,nan,nan,nan,nan,nan,nan,nan,0,0
detfdeggrn,OCD,Clustering_Coefficient,nan,nan,nan,nan,nan,nan,nan,0,0
detfdeggrn,OCD,Closeness_Centrality,nan,nan,nan,nan,nan,nan,nan,0,0
detfdeggrn,OCD,Eccentricity_Centrality,nan,nan,nan,nan,nan,nan,nan,0,0
detfdeggrn,OCD,Betweenness,nan,nan,nan,nan,nan,nan,nan,0,0
detfdeggrn,SZ,Strength,nan,nan,nan,nan,nan,nan,nan,0,0
detfdeggrn,SZ,Clustering_Coefficient,nan,nan,nan,nan,nan,nan,nan,0,0
detfdeggrn,SZ,Closeness_Centrality,nan,nan,nan,nan,nan,nan,nan,0,0
detfdeggrn,SZ,Eccentricity_Centrality,nan,nan,nan,nan,nan,nan,nan,0,0
detfdeggrn,SZ,Betweenness,nan,nan,nan,nan,nan,nan,nan,0,0
detfgrn,AD,Strength,19412092.0,0.0,1.0,11520.8698625,246.14139904621305,11384.721608333333,245.46105,644,30143
detfgrn,AD,Clustering_Coefficient,3105873.0,3.1701063416490575e-192,-0.6800063589230877,0.04434709748701054,0.05536518017048444,0.04575124401529715,0.05543689888667683,644,30143
detfgrn,AD,Closeness_Centrality,19412092.0,0.0,1.0,0.3500408309663741,0.0,0.3436191905984013,0.0,644,30143
detfgrn,AD,Eccentricity_Centrality,19412092.0,0.0,1.0,2.015502225672878,0.0,2.0044500000000003,0.0,644,30143
detfgrn,AD,Betweenness,9706046.0,1.0,0.0,0.0,0.0,0.0,0.0,644,30143
detfgrn,ADHD,Strength,18420332.0,0.0,1.0,10933.90611630435,246.17821693179036,10763.186208333333,245.48835,644,28603
detfgrn,ADHD,Clustering_Coefficient,2953059.0,1.1771575201659087e-191,-0.679369622653924,0.04434731630273064,0.05534876237957981,0.0457575463032175,0.05540958315855865,644,28603
detfgrn,ADHD,Closeness_Centrality,18420332.0,0.0,1.0,0.34968636042243323,0.0,0.3430336302628789,0.0,644,28603
detfgrn,ADHD,Eccentricity_Centrality,18420332.0,0.0,1.0,2.0160413561076607,0.0,2.0046,0.0,644,28603
detfgrn,ADHD,Betweenness,9210166.0,1.0,0.0,0.0,0.0,0.0,0.0,644,28603
detfgrn,ASD,Strength,18176900.0,0.0,1.0,10788.9876123706,246.16857475169766,10635.7318,245.51383333333334,644,28225
detfgrn,ASD,Clustering_Coefficient,2907980.0,5.688900959093067e-192,-0.6800356496432285,0.04434357806141305,0.05536896711511264,0.04562864107725702,0.055435720114360605,644,28225
detfgrn,ASD,Closeness_Centrality,18176900.0,0.0,1.0,0.34957293689479885,0.0,0.3436018619540312,0.0,644,28225
detfgrn,ASD,Eccentricity_Centrality,18176900.0,0.0,1.0,2.0159849896480333,0.0,2.0045,0.0,644,28225
detfgrn,ASD,Betweenness,9088450.0,1.0,0.0,0.0,0.0,0.0,0.0,644,28225
detfgrn,BD,Strength,17695188.0,0.0,1.0,10498.51984725673,246.06204395069815,10322.134141666667,245.3383,644,27477
detfgrn,BD,Clustering_Coefficient,2828999.0,5.618039803354174e-192,-0.6802521679905295,0.04432802295276231,0.055344689686355864,0.04572816155545688,0.05542099423056092,644,27477
detfgrn,BD,Closeness_Centrality,17695188.0,0.0,1.0,0.3492177366872731,0.0,0.34065486979842385,0.0,644,27477
detfgrn,BD,Eccentricity_Centrality,17695188.0,0.0,1.0,2.017313612836439,0.0,2.005,0.0,644,27477
detfgrn,BD,Betweenness,8847594.0,1.0,0.0,0.0,0.0,0.0,0.0,644,27477
detfgrn,MDD,Strength,12602436.0,0.0,1.0,7477.503125439957,246.07859434735212,7373.834508333333,245.31445,644,19569
detfgrn,MDD,Clustering_Coefficient,2009765.0,1.1250190165517082e-190,-0.6810513459461329,0.0443147350940199,0.05533373629529914,0.04560548158426144,0.05540585493586443,644,19569
detfgrn,MDD,Closeness_Centrality,12602436.0,0.0,1.0,0.3460037463412235,0.0,0.3397204735741517,0.0,644,19569
detfgrn,MDD,Eccentricity_Centrality,12602436.0,0.0,1.0,2.026751138716356,0.0,2.00685,0.0,644,19569
detfgrn,MDD,Betweenness,6301218.0,1.0,0.0,0.0,0.0,0.0,0.0,644,19569
detfgrn,OCD,Strength,18354000.0,0.0,1.0,10891.947762784679,246.11980207836257,10737.007033333333,245.459125,644,28500
detfgrn,OCD,Clustering_Coefficient,2931741.0,2.7270684605260774e-192,-0.6805338345864662,0.0443338534767784,0.0553629903880625,0.04572214444333693,0.05544172436141806,644,28500
detfgrn,OCD,Closeness_Centrality,18354000.0,0.0,1.0,0.34958344117630197,0.0,0.3420275810997737,0.0,644,28500
detfgrn,OCD,Eccentricity_Centrality,18354000.0,0.0,1.0,2.0160128623188402,0.0,2.0045,0.0,644,28500
detfgrn,OCD,Betweenness,9177000.0,1.0,0.0,0.0,0.0,0.0,0.0,644,28500
detfgrn,SZ,Strength,18446736.0,0.0,1.0,10947.157868271222,246.1237839396267,10812.330641666667,245.37449166666667,644,28644
detfgrn,SZ,Clustering_Coefficient,2954668.0,8.054502602636651e-192,-0.6796541133347385,0.04433962064590434,0.055349251897067936,0.04573173960824039,0.05541663975949704,644,28644
detfgrn,SZ,Closeness_Centrality,18446736.0,0.0,1.0,0.34962691330751305,0.0,0.3417933674937763,0.0,644,28644
detfgrn,SZ,Eccentricity_Centrality,18446736.0,0.0,1.0,2.0162437111801244,0.0,2.00465,0.0,644,28644
detfgrn,SZ,Betweenness,9223368.0,1.0,0.0,0.0,0.0,0.0,0.0,644,28644
healthy_brain_grn,Healthy_Brain_GRN,Strength,19476492.0,0.0,1.0,11558.95329720497,246.13847579274545,11420.483408333334,245.46105,644,30243
healthy_brain_grn,Healthy_Brain_GRN,Clustering_Coefficient,3117018.0,3.437242312190836e-192,-0.6799199773758026,0.044346410752420545,0.05536509249882276,0.04576436023065428,0.0554402850528099,644,30243
healthy_brain_grn,Healthy_Brain_GRN,Closeness_Centrality,19476492.0,0.0,1.0,0.3500605388690975,0.0,0.34345734196632616,0.0,644,30243
healthy_brain_grn,Healthy_Brain_GRN,Eccentricity_Centrality,19476492.0,0.0,1.0,2.0153565734989645,0.0,2.0044,0.0,644,30243
healthy_brain_grn,Healthy_Brain_GRN,Betweenness,9738246.0,1.0,0.0,0.0,0.0,0.0,0.0,644,30243
